Título,Enlace,Colores,Precio,Moneda,Fecha
Zavetti Canada Kenora Puffer Jacket,https://www.jdsports.es/product/negro-zavetti-canada-kenora-puffer-jacket/19605122_jdsportses/,None,143.00,€,20231110
Technicals Carbon Cargo Pants,https://www.jdsports.es/product/azul-technicals-carbon-cargo-pants/19605121_jdsportses/,None,70.00,€,20231110
Nike Polar Fleece Hoodie,https://www.jdsports.es/product/azul-nike-polar-fleece-hoodie/19605120_jdsportses/,None,70.00,€,20231110
Nike Atletico Madrid Swoosh T-Shirt,https://www.jdsports.es/product/negro-nike-atletico-madrid-swoosh-t-shirt/19605117_jdsportses/,None,30.00,€,20231110
Supply & Demand Taymore Short Parka chaqueta,https://www.jdsports.es/product/gris-supply-and-demand-taymore-short-parka-chaqueta/19605115_jdsportses/,negro,110.00,€,20231110
adidas Originals pantalón de chándal Trefoil Essentials,https://www.jdsports.es/product/verde-adidas-originals-pantaln-de-chndal-trefoil-essentials/19605111_jdsportses/,azulverde,55.00,€,20231110
McKenzie pantalón de chándal Rain Poly,https://www.jdsports.es/product/gris-mckenzie-pantaln-de-chndal-rain-poly/19605099_jdsportses/,negroazul,35.00,€,20231110
adidas Originals Trefoil Essential Crew Sweatshirt,https://www.jdsports.es/product/negro-adidas-originals-trefoil-essential-crew-sweatshirt/19605098_jdsportses/,negro,60.00,€,20231110
adidas Originals Tape Joggers,https://www.jdsports.es/product/marrn-adidas-originals-tape-joggers/19605048_jdsportses/,gris,70.00,€,20231110
Alessandro Zavetti Mersoni camiseta,https://www.jdsports.es/product/negro-alessandro-zavetti-mersoni-camiseta/19605044_jdsportses/,blanco,35.00,€,20231110
Nike camiseta de manga corta Sportswear Graphic,https://www.jdsports.es/product/azul-nike-camiseta-de-manga-corta-sportswear-graphic/19605043_jdsportses/,blanco,35.00,€,20231110
Columbia Amble Camisetas,https://www.jdsports.es/product/gris-columbia-amble-camisetas/19605042_jdsportses/,negro,30.00,€,20231110
McKenzie Hail Poly Fleece Full Zip Hooded Tracksuit,https://www.jdsports.es/product/negro-mckenzie-hail-poly-fleece-full-zip-hooded-tracksuit/19605041_jdsportses/,azul,90.00,€,20231110
McKenzie Moran Ply Fleece 1/4 Zip Hoodie,https://www.jdsports.es/product/gris-mckenzie-moran-ply-fleece-14-zip-hoodie/19605040_jdsportses/,azul,45.00,€,20231110
McKenzie Moran Ply Fleece 1/4 Zip Hoodie,https://www.jdsports.es/product/azul-mckenzie-moran-ply-fleece-14-zip-hoodie/19605039_jdsportses/,gris,45.00,€,20231110
adidas Originals Script Hoodie,https://www.jdsports.es/product/azul-adidas-originals-script-hoodie/19605038_jdsportses/,"azul, marrónmorado",70.00,€,20231110
Under Armour chaqueta de chándal Poly,https://www.jdsports.es/product/under-armour-chaqueta-de-chndal-poly/19605036_jdsportses/,negro,45.00,€,20231110
Hoodrich Camiseta,https://www.jdsports.es/product/negro-hoodrich-camiseta/19605031_jdsportses/,blanco,45.00,€,20231110
Nike NBA LA Lakers James #23 Pullover Hoodie,https://www.jdsports.es/product/negro-nike-nba-la-lakers-james-23-pullover-hoodie/19605030_jdsportses/,None,75.00,€,20231110
Nike NBA Chicago Bulls Lavine #8 Pullover Hoodie,https://www.jdsports.es/product/negro-nike-nba-chicago-bulls-lavine-8-pullover-hoodie/19605029_jdsportses/,None,75.00,€,20231110
Supply & Demand Taymore Long Parka chaqueta,https://www.jdsports.es/product/gris-supply-and-demand-taymore-long-parka-chaqueta/19605028_jdsportses/,negroblanco,115.00,€,20231110
Supply & Demand Taymore Long Parka chaqueta,https://www.jdsports.es/product/blanco-supply-and-demand-taymore-long-parka-chaqueta/19605027_jdsportses/,negrogris,115.00,€,20231110
Jordan NBA LA Lakers M90 T-Shirt,https://www.jdsports.es/product/negro-jordan-nba-la-lakers-m90-t-shirt/19605026_jdsportses/,None,35.00,€,20231110
MONTIREX Forro polar K2 1/4 Zip,https://www.jdsports.es/product/gris-montirex-forro-polar-k2-14-zip/19605018_jdsportses/,gris,60.00,€,20231110
adidas Energize Overhead sudadera con capucha,https://www.jdsports.es/product/marrn-adidas-energize-overhead-sudadera-con-capucha/19605014_jdsportses/,"negro, azul, grisverde",60.00,€,20231110
Napapijri Sory Stack Logo Camiseta,https://www.jdsports.es/product/verde-napapijri-sory-stack-logo-camiseta/19605013_jdsportses/,"azul, marrón, naranja, blanco, negrogris",35.00,€,20231110
McKenzie sudadera Rain Poly,https://www.jdsports.es/product/blanco-mckenzie-sudadera-rain-poly/19605010_jdsportses/,rojogris,40.00,€,20231110
Napapijri sudadera con capucha Bory Logo,https://www.jdsports.es/product/gris-napapijri-sudadera-con-capucha-bory-logo/19605008_jdsportses/,gris,75.00,€,20231110
adidas pantalón de chándal Energize Fleece,https://www.jdsports.es/product/marrn-adidas-pantaln-de-chndal-energize-fleece/19604983_jdsportses/,"azul, azulnegro",55.00,€,20231110
BOSS camiseta Curved Logo,https://www.jdsports.es/product/gris-boss-camiseta-curved-logo/19604979_jdsportses/,"azul, negro, blanco, azul, negroblanco",60.00,€,20231110
adidas Olympique Lyon 1995/96 OG Shirt,https://www.jdsports.es/product/blanco-adidas-olympique-lyon-199596-og-shirt/19590620_jdsportses/,None,110.00,€,20231110
adidas Originals Tape Joggers,https://www.jdsports.es/product/gris-adidas-originals-tape-joggers/19604751_jdsportses/,marrón,70.00,€,20231110
Puma PUMATECH Joggers,https://www.jdsports.es/product/negro-puma-pumatech-joggers/19604749_jdsportses/,verde,65.00,€,20231110
Puma PUMATECH Joggers,https://www.jdsports.es/product/verde-puma-pumatech-joggers/19604748_jdsportses/,negro,65.00,€,20231110
Alessandro Zavetti Mazzola Cargo Pants,https://www.jdsports.es/product/negro-alessandro-zavetti-mazzola-cargo-pants/19604746_jdsportses/,None,70.00,€,20231110
Alessandro Zavetti Peruzzi Gilet,https://www.jdsports.es/product/negro-alessandro-zavetti-peruzzi-gilet/19604745_jdsportses/,None,70.00,€,20231110
Alessandro Zavetti Montino Jacket,https://www.jdsports.es/product/negro-alessandro-zavetti-montino-jacket/19604744_jdsportses/,None,70.00,€,20231110
Tommy Hilfiger Flag polo,https://www.jdsports.es/product/beige-tommy-hilfiger-flag-polo/19604742_jdsportses/,"marrón, negro, azulbeige",80.00,€,20231110
Tommy Hilfiger Flag polo,https://www.jdsports.es/product/azul-tommy-hilfiger-flag-polo/19604741_jdsportses/,"marrón, negro, azul",80.00,€,20231110
Champion Space Invaders Crew Sweatshirt,https://www.jdsports.es/product/negro-champion-space-invaders-crew-sweatshirt/19604740_jdsportses/,None,65.00,€,20231110
Champion Space Invaders Hoodie,https://www.jdsports.es/product/blanco-champion-space-invaders-hoodie/19604739_jdsportses/,negro,70.00,€,20231110
Champion Space Invaders Hoodie,https://www.jdsports.es/product/negro-champion-space-invaders-hoodie/19604738_jdsportses/,blanco,70.00,€,20231110
McKenzie Hail Poly Fleece Full Zip Hooded Tracksuit,https://www.jdsports.es/product/azul-mckenzie-hail-poly-fleece-full-zip-hooded-tracksuit/19604737_jdsportses/,negro,90.00,€,20231110
McKenzie Cealus Cargo Pants,https://www.jdsports.es/product/gris-mckenzie-cealus-cargo-pants/19604736_jdsportses/,negro,40.00,€,20231110
McKenzie Hail Poly Track Pants,https://www.jdsports.es/product/gris-mckenzie-hail-poly-track-pants/19604732_jdsportses/,negro,40.00,€,20231110
Berghaus Urban Cargo Track Pants,https://www.jdsports.es/product/negro-berghaus-urban-cargo-track-pants/19604719_jdsportses/,None,90.00,€,20231110
Berghaus Vangar Hoodie,https://www.jdsports.es/product/negro-berghaus-vangar-hoodie/19604717_jdsportses/,None,110.00,€,20231110
Berghaus Winter Theran Track Pants,https://www.jdsports.es/product/negro-berghaus-winter-theran-track-pants/19604716_jdsportses/,None,95.00,€,20231110
Berghaus Winter Theran Jacket,https://www.jdsports.es/product/negro-berghaus-winter-theran-jacket/19604715_jdsportses/,None,130.00,€,20231110
Hoodrich pantalón Cargo Heat,https://www.jdsports.es/product/gris-hoodrich-pantaln-cargo-heat/19604714_jdsportses/,"gris, negroazul",70.00,€,20231110
McKenzie pantalón de chándal Rain Poly,https://www.jdsports.es/product/azul-mckenzie-pantaln-de-chndal-rain-poly/19604708_jdsportses/,negrogris,35.00,€,20231110
Berghaus chaqueta de chándal Sidley,https://www.jdsports.es/product/gris-berghaus-chaqueta-de-chndal-sidley/19604688_jdsportses/,negro,100.00,€,20231110
On Running chaqueta running Weather,https://www.jdsports.es/product/naranja-on-running-chaqueta-running-weather/19604684_jdsportses/,verdeverde/gris,270.00,€,20231110
Supply & Demand sudadera con capucha Statton,https://www.jdsports.es/product/supply-and-demand-sudadera-con-capucha-statton/16512728_jdsportses/,None,"
Ahora  15.00  
	
					Descuento 62%
",€,20231110
Champion Space Invaders T-Shirt,https://www.jdsports.es/product/blanco-champion-space-invaders-t-shirt/19604568_jdsportses/,negro,35.00,€,20231110
Champion Space Invaders T-Shirt,https://www.jdsports.es/product/negro-champion-space-invaders-t-shirt/19604567_jdsportses/,blanco,35.00,€,20231110
Champion Space Invaders T-Shirt,https://www.jdsports.es/product/azul-champion-space-invaders-t-shirt/19604565_jdsportses/,None,35.00,€,20231110
Score Draw Sunderland AFC '78 Retro Home Shirt,https://www.jdsports.es/product/rojo-score-draw-sunderland-afc-78-retro-home-shirt/19604549_jdsportses/,None,40.00,€,20231110
Supply & Demand Aoki Tracksuit,https://www.jdsports.es/product/gris-supply-and-demand-aoki-tracksuit/19604294_jdsportses/,None,105.00,€,20231110
Castore Woven Shorts,https://www.jdsports.es/product/negro-castore-woven-shorts/19604293_jdsportses/,None,55.00,€,20231110
The North Face Graphic 24/7 Shorts,https://www.jdsports.es/product/negro-the-north-face-graphic-247-shorts/19604254_jdsportses/,gris,50.00,€,20231110
Supply & Demand Hutton Jeans,https://www.jdsports.es/product/azul-supply-and-demand-hutton-jeans/19604115_jdsportses/,None,50.00,€,20231110
The North Face Graphic Performance camiseta,https://www.jdsports.es/product/negro-the-north-face-graphic-performance-camiseta/19604101_jdsportses/,gris,50.00,€,20231110
Hoodrich pantalón Cargo Heat,https://www.jdsports.es/product/azul-hoodrich-pantaln-cargo-heat/19604099_jdsportses/,"gris, negrogris",70.00,€,20231110
The North Face Denali Full Zip Fleece Jacket,https://www.jdsports.es/product/amarillo-the-north-face-denali-full-zip-fleece-jacket/19604091_jdsportses/,None,160.00,€,20231110
Hoodrich sudadera con capucha Heat,https://www.jdsports.es/product/azul-hoodrich-sudadera-con-capucha-heat/19604090_jdsportses/,grisgris,85.00,€,20231110
Castore Scuba Track Pants,https://www.jdsports.es/product/gris-castore-scuba-track-pants/19604005_jdsportses/,None,80.00,€,20231110
Hoodrich Vital T-Shirt,https://www.jdsports.es/product/negro-hoodrich-vital-t-shirt/19604002_jdsportses/,None,45.00,€,20231110
Supply & Demand Bleaker Jeans,https://www.jdsports.es/product/negro-supply-and-demand-bleaker-jeans/19603994_jdsportses/,None,50.00,€,20231110
adidas Real Madrid 2023/24 Away Bellingham #5 Shirt,https://www.jdsports.es/product/azul-adidas-real-madrid-202324-away-bellingham-5-shirt/19603864_jdsportses/,None,120.00,€,20231110
Jordan Graphic Long Sleeve T-Shirt,https://www.jdsports.es/product/negro-jordan-graphic-long-sleeve-t-shirt/19603542_jdsportses/,None,45.00,€,20231110
Technicals Bilrost Shorts,https://www.jdsports.es/product/azul-technicals-bilrost-shorts/19603035_jdsportses/,azulverde,40.00,€,20231110
Nike Air Force 1 Low,https://www.jdsports.es/product/gris-nike-air-force-1-low/19596032_jdsportses/,None,130.00,€,20231110
Nike Air Force 1 '07 LV8,https://www.jdsports.es/product/negro-nike-air-force-1-07-lv8/16592272_jdsportses/,None,130.00,€,20231110
Nike Dunk Low,https://www.jdsports.es/product/blanco-nike-dunk-low/19594450_jdsportses/,negro/plateado,120.00,€,20231110
Jordan Air 1 Mid,https://www.jdsports.es/product/negro-jordan-air-1-mid/19598202_jdsportses/,None,140.00,€,20231110
Nike Dunk Low Retro,https://www.jdsports.es/product/gris-nike-dunk-low-retro/19596593_jdsportses/,"negro/negro, blanco/blanco, verde, blanco/rojo/rojo, blancoblanco/negro/blanco/azul/negro",130.00,€,20231110
Nike Air Force 1 '07 LV8,https://www.jdsports.es/product/blanco-nike-air-force-1-07-lv8/19596041_jdsportses/,None,130.00,€,20231110
Nike Air Force 1 LV8,https://www.jdsports.es/product/blanco-nike-air-force-1-lv8/19596592_jdsportses/,blancogris/blanco,130.00,€,20231110
Nike Dunk Low,https://www.jdsports.es/product/azul-nike-dunk-low/19582474_jdsportses/,"blanco/blanco, gris, gris/blanco, blanco/rojonegro/amarillo",130.00,€,20231110
Nike Air Force 1 Low,https://www.jdsports.es/product/negro-nike-air-force-1-low/19593811_jdsportses/,"negro/negro/negro, negro/negro/blanco/blanco, blanco/blanco/gris/gris, dorado/negro/blanco, blanco/blanco/azul/azul, blanco/blanco/negro, gris/negro/grisblanco",120.00,€,20231110
adidas Originals Handball Spezial,https://www.jdsports.es/product/adidas-originals-handball-spezial/19592312_jdsportses/,None,110.00,€,20231110
Nike Dunk Low,https://www.jdsports.es/product/negro-nike-dunk-low/19575159_jdsportses/,blanco/blanco/blanco,130.00,€,20231110
adidas Originals ZX 750,https://www.jdsports.es/product/marrn-adidas-originals-zx-750/19594688_jdsportses/,beige,110.00,€,20231110
Converse Chuck Taylor All Star High,https://www.jdsports.es/product/negro-converse-chuck-taylor-all-star-high/19601794_jdsportses/,"negro, negro, grismarrón",80.00,€,20231110
Nike Air Force 1 Low,https://www.jdsports.es/product/blanco-nike-air-force-1-low/19575420_jdsportses/,"negro/negro/negro, negro/negro/blanco/blanco, blanco/blanco/gris/gris, dorado/negro/blanco, blanco/blanco/azul/azul, gris/negro/gris, negroblanco",120.00,€,20231110
Nike Air Force 1 LV8,https://www.jdsports.es/product/blanco-nike-air-force-1-lv8/19596594_jdsportses/,blancoblanco/plateado/azul/blanco,130.00,€,20231110
Nike Air VaporMax Plus,https://www.jdsports.es/product/negro-nike-air-vapormax-plus/19598325_jdsportses/,gris,225.00,€,20231110
Nike Dunk Low,https://www.jdsports.es/product/blanco-nike-dunk-low/19590000_jdsportses/,"blanco/blanco, gris, gris/blanco, azul/blanconegro/amarillo",130.00,€,20231110
Nike Max Pulse,https://www.jdsports.es/product/blanco-nike-max-pulse/19598775_jdsportses/,blanco/naranja/negrogris,170.00,€,20231110
adidas Originals Rivalry Low,https://www.jdsports.es/product/azul-adidas-originals-rivalry-low/19582151_jdsportses/,blanco,110.00,€,20231110
Nike Metcon 9,https://www.jdsports.es/product/blanco-nike-metcon-9/19603227_jdsportses/,negro,140.00,€,20231110
adidas Originals RIVALRY LOW$,https://www.jdsports.es/product/blanco-adidas-originals-rivalry-low/19585249_jdsportses/,None,110.00,€,20231110
Nike Max Pulse,https://www.jdsports.es/product/gris-nike-max-pulse/19598774_jdsportses/,blanco/naranja/negrogris/blanco/negro,160.00,€,20231110
adidas Originals ZX 750,https://www.jdsports.es/product/beige-adidas-originals-zx-750/19594689_jdsportses/,marrón,110.00,€,20231110
Converse Chuck Taylor All Star High,https://www.jdsports.es/product/gris-converse-chuck-taylor-all-star-high/19601783_jdsportses/,"negro, negro, negromarrón",80.00,€,20231110
Nike Air VaporMax 2023,https://www.jdsports.es/product/blanco-nike-air-vapormax-2023/19574933_jdsportses/,"negro/blanco/negro/blanco, blanco, azul/verde, negro/negro/negronegro",230.00,€,20231110
New Balance 9060,https://www.jdsports.es/product/marrn-new-balance-9060/19604311_jdsportses/,negrogris,190.00,€,20231110
BOSS Parkour Run,https://www.jdsports.es/product/gris-boss-parkour-run/19603748_jdsportses/,negrogris,200.00,€,20231110
Jordan Stay Loyal 3,https://www.jdsports.es/product/negro-jordan-stay-loyal-3/19596084_jdsportses/,None,130.00,€,20231110
Puma RS-X Efekt Cordura,https://www.jdsports.es/product/negro-puma-rs-x-efekt-cordura/19600622_jdsportses/,gris,140.00,€,20231110
Nike Air Max 90,https://www.jdsports.es/product/beige-nike-air-max-90/19594434_jdsportses/,None,160.00,€,20231110
Nike Air Max TW,https://www.jdsports.es/product/negro-nike-air-max-tw/19599212_jdsportses/,negro,160.00,€,20231110
Nike Air Max 90 júnior,https://www.jdsports.es/product/gris-nike-air-max-90-jnior/19595250_jdsportses/,blanco/rojo/blanco,160.00,€,20231110
adidas Originals Drop Step Low,https://www.jdsports.es/product/gris-adidas-originals-drop-step-low/19396557_jdsportses/,None,110.00,€,20231110
adidas Originals AS 520,https://www.jdsports.es/product/negro-adidas-originals-as-520/19600174_jdsportses/,"gris, verdenegro",110.00,€,20231110
Lacoste Deviation II,https://www.jdsports.es/product/blanco-lacoste-deviation-ii/19592583_jdsportses/,None,120.00,€,20231110
Fila M Squad,https://www.jdsports.es/product/blanco-fila-m-squad/19603028_jdsportses/,negro,75.00,€,20231110
Nike Air Max 95,https://www.jdsports.es/product/negro-nike-air-max-95/19595089_jdsportses/,negro,190.00,€,20231110
New Balance 2002R,https://www.jdsports.es/product/gris-new-balance-2002r/19590767_jdsportses/,None,150.00,€,20231110
New Balance 2002R,https://www.jdsports.es/product/gris-new-balance-2002r/19590768_jdsportses/,None,150.00,€,20231110
Lacoste Lerond Plus,https://www.jdsports.es/product/blanco-lacoste-lerond-plus/19590766_jdsportses/,None,115.00,€,20231110
Nike React Vision,https://www.jdsports.es/product/negro-nike-react-vision/16532193_jdsportses/,None,145.00,€,20231110
New Balance 327,https://www.jdsports.es/product/gris-new-balance-327/19306716_jdsportses/,None,130.00,€,20231110
Fila Teratach 600 Lo,https://www.jdsports.es/product/blanco-fila-teratach-600-lo/19600366_jdsportses/,"marrón, negro, blanco, blancoblanco/azul",70.00,€,20231110
Nike Air Force 1 Low,https://www.jdsports.es/product/blanco-nike-air-force-1-low/1267679_jdsportses/,None,120.00,€,20231110
adidas Originals ZX 750,https://www.jdsports.es/product/rojo-adidas-originals-zx-750/19601777_jdsportses/,gris,110.00,€,20231110
adidas Originals Zapatilla NMD_G1,https://www.jdsports.es/product/adidas-originals-zapatilla-nmdg1/19583501_jdsportses/,None,160.00,€,20231110
Emporio Armani EA7 Kombat Winter,https://www.jdsports.es/product/negro-emporio-armani-ea7-kombat-winter/19590336_jdsportses/,gris,210.00,€,20231110
Nike Air Max Pulse,https://www.jdsports.es/product/negro-nike-air-max-pulse/19587987_jdsportses/,"blanco, blanco/blanco, negro/negroblanco/blanco/blanco",170.00,€,20231110
Jordan Air 1 Low,https://www.jdsports.es/product/negro-jordan-air-1-low/16576975_jdsportses/,None,130.00,€,20231110
adidas Originals ZX 750,https://www.jdsports.es/product/gris-adidas-originals-zx-750/19585435_jdsportses/,None,110.00,€,20231110
Emporio Armani EA7 B&W 2.0,https://www.jdsports.es/product/negro-emporio-armani-ea7-bandw-20/19592212_jdsportses/,negro,175.00,€,20231110
New Balance 550,https://www.jdsports.es/product/blanco-new-balance-550/19588468_jdsportses/,"blanco, blanco/rojo, blanco, blancoblanco",140.00,€,20231110
Nike React Vision,https://www.jdsports.es/product/negro-nike-react-vision/16532192_jdsportses/,None,145.00,€,20231110
Nike Air Flight 89,https://www.jdsports.es/product/blanco-nike-air-flight-89/19587621_jdsportses/,negro/blancoblanco,130.00,€,20231110
Fila M Squad,https://www.jdsports.es/product/negro-fila-m-squad/19603029_jdsportses/,blanco,75.00,€,20231110
Vans Knu Skool,https://www.jdsports.es/product/negro-vans-knu-skool/19358819_jdsportses/,"negro, verde, marrón, gris",90.00,€,20231110
adidas Originals Zapatilla Rivalry Low,https://www.jdsports.es/product/adidas-originals-zapatilla-rivalry-low/19590689_jdsportses/,blanco,110.00,€,20231110
Nike Dunk Low,https://www.jdsports.es/product/blanco-nike-dunk-low/16253527_jdsportses/,"gris, gris/blanco, blanco/rojo, azul/blanconegro/amarillo",120.00,€,20231110
adidas Originals Samba OG para mujer,https://www.jdsports.es/product/adidas-originals-samba-og-para-mujer/16050677_jdsportses/,"blanco/blanco/rosa, blanco/negro/negromorado",120.00,€,20231110
adidas Originals Zapatilla Handball Spezial,https://www.jdsports.es/product/adidas-originals-zapatilla-handball-spezial/099068_jdsportses/,gris/gris/gris/blancoblanco,110.00,€,20231110
Nike Air Max 95,https://www.jdsports.es/product/negro-nike-air-max-95/19576121_jdsportses/,gris/negro,190.00,€,20231110
Nike Air Max 90,https://www.jdsports.es/product/negro-nike-air-max-90/19598404_jdsportses/,blanco,160.00,€,20231110
adidas Originals Jeans,https://www.jdsports.es/product/gris-adidas-originals-jeans/19577964_jdsportses/,azulmarrón,110.00,€,20231110
Reebok Classic Leather,https://www.jdsports.es/product/blanco-reebok-classic-leather/19583940_jdsportses/,"gris, blanco/azul, blanco, blanco, negroblanco",90.00,€,20231110
New Balance 327,https://www.jdsports.es/product/negro-new-balance-327/19595351_jdsportses/,"blanco, negro, negro/verdeverde",120.00,€,20231110
Nike Air VaporMax Plus,https://www.jdsports.es/product/negro-nike-air-vapormax-plus/15970809_jdsportses/,gris/gris/naranja/blanco/rojo,225.00,€,20231110
Nike Air Max 95 Ultra,https://www.jdsports.es/product/negro-nike-air-max-95-ultra/16138622_jdsportses/,None,190.00,€,20231110
Crocs Echo Boot,https://www.jdsports.es/product/blanco-crocs-echo-boot/19596544_jdsportses/,verdenegro,120.00,€,20231110
Salomon XT-Pathway,https://www.jdsports.es/product/negro-salomon-xt-pathway/19588855_jdsportses/,"blanco, verdemarrón/negro",150.00,€,20231110
Jordan Air 1 Mid,https://www.jdsports.es/product/negro-jordan-air-1-mid/16554923_jdsportses/,"blanco, blanco, morado/blanco/morado/moradoblanco/blanco",140.00,€,20231110
Nike Full Force Low,https://www.jdsports.es/product/blanco-nike-full-force-low/19594659_jdsportses/,blanco/negro/rojo/rojo,100.00,€,20231110
adidas Originals Drop Step Low,https://www.jdsports.es/product/gris-adidas-originals-drop-step-low/19578311_jdsportses/,None,100.00,€,20231110
