Título,Enlace,Colores,Precio,Moneda,Fecha
Nike England Lionesses 2023/24 Earps #1 GK Shirt PRE,https://www.jdsports.es/product/verde-nike-england-lionesses-202324-earps-1-gk-shirt-pre/19609689_jdsportses/,None,123.00,€,20231215
BOSS Pique Joggers,https://www.jdsports.es/product/negro-boss-pique-joggers/19609652_jdsportses/,None,105.00,€,20231215
BOSS Pique Crew Sweatshirt,https://www.jdsports.es/product/negro-boss-pique-crew-sweatshirt/19609651_jdsportses/,None,105.00,€,20231215
Supply & Demand Station Jeans,https://www.jdsports.es/product/negro-supply-and-demand-station-jeans/19609649_jdsportses/,None,55.00,€,20231215
BOSS pack de 3 camisetas,https://www.jdsports.es/product/negro-boss-pack-de-3-camisetas/19609642_jdsportses/,"verde/blanco, multicolor, multicolormulticolor",54.00,€,20231215
Under Armour Tech Core 1/4 Zip Top,https://www.jdsports.es/product/negro-under-armour-tech-core-14-zip-top/19591808_jdsportses/,None,50.00,€,20231215
Supply & Demand Ernest Jeans,https://www.jdsports.es/product/negro-supply-and-demand-ernest-jeans/19609506_jdsportses/,None,60.00,€,20231215
Supply & Demand Katima Jeans,https://www.jdsports.es/product/azul-supply-and-demand-katima-jeans/19609504_jdsportses/,None,55.00,€,20231215
Supply & Demand Dona Jeans,https://www.jdsports.es/product/azul-supply-and-demand-dona-jeans/19609503_jdsportses/,None,65.00,€,20231215
Supply & Demand Ponte Jeans,https://www.jdsports.es/product/gris-supply-and-demand-ponte-jeans/19609502_jdsportses/,None,65.00,€,20231215
Reebok Tennis T-Shirt,https://www.jdsports.es/product/blanco-reebok-tennis-t-shirt/19609500_jdsportses/,azul,32.00,€,20231215
Reebok Tennis T-Shirt,https://www.jdsports.es/product/azul-reebok-tennis-t-shirt/19609499_jdsportses/,blanco,32.00,€,20231215
Reebok Open Hem Joggers,https://www.jdsports.es/product/negro-reebok-open-hem-joggers/19609498_jdsportses/,None,36.00,€,20231215
Reebok Stack Logo Joggers,https://www.jdsports.es/product/gris-reebok-stack-logo-joggers/19609497_jdsportses/,None,42.00,€,20231215
adidas Celtic FC Training Top,https://www.jdsports.es/product/verde-adidas-celtic-fc-training-top/19609496_jdsportses/,None,70.00,€,20231215
Reebok Stack Logo Hoodie,https://www.jdsports.es/product/gris-reebok-stack-logo-hoodie/19609495_jdsportses/,None,48.00,€,20231215
adidas Celtic FC Hoodie,https://www.jdsports.es/product/verde-adidas-celtic-fc-hoodie/19609494_jdsportses/,None,65.00,€,20231215
adidas Celtic FC Cotton Polo Shirt,https://www.jdsports.es/product/verde-adidas-celtic-fc-cotton-polo-shirt/19609493_jdsportses/,None,45.00,€,20231215
adidas Originals SST Bonded Track Pants,https://www.jdsports.es/product/negro-adidas-originals-sst-bonded-track-pants/19609492_jdsportses/,gris,80.00,€,20231215
BOSS Pixel Full Zip Hooded Tracksuit,https://www.jdsports.es/product/boss-pixel-full-zip-hooded-tracksuit/19609491_jdsportses/,negro,319.00,€,20231215
McKenzie Garth 2 Poly Fleece Track Pants,https://www.jdsports.es/product/negro-mckenzie-garth-2-poly-fleece-track-pants/19609490_jdsportses/,azulrojo,40.00,€,20231215
Nike Air Max Performance Woven Track Pants,https://www.jdsports.es/product/gris-nike-air-max-performance-woven-track-pants/19609489_jdsportses/,None,80.00,€,20231215
Puma Al Hilal 2024/25 Neymar Jr #10 Home Shirt,https://www.jdsports.es/product/azul-puma-al-hilal-202425-neymar-jr-10-home-shirt/19609417_jdsportses/,None,90.00,€,20231215
adidas Celtic FC Track Jacket,https://www.jdsports.es/product/verde-adidas-celtic-fc-track-jacket/19609414_jdsportses/,None,70.00,€,20231215
Puma Manchester City FC Essential T-Shirt,https://www.jdsports.es/product/rojo-puma-manchester-city-fc-essential-t-shirt/19609413_jdsportses/,None,25.00,€,20231215
MERCIER Mono T-Shirt,https://www.jdsports.es/product/blanco-mercier-mono-t-shirt/19609312_jdsportses/,None,48.00,€,20231215
Hoodrich OG Dash Tracksuit,https://www.jdsports.es/product/negro-hoodrich-og-dash-tracksuit/19609311_jdsportses/,None,115.00,€,20231215
Supply & Demand Elite Jacket,https://www.jdsports.es/product/negro-supply-and-demand-elite-jacket/19609310_jdsportses/,None,70.00,€,20231215
Supply & Demand Elite Cargo Pants,https://www.jdsports.es/product/negro-supply-and-demand-elite-cargo-pants/19609309_jdsportses/,None,60.00,€,20231215
Reebok Tennic Graphic T-Shirt,https://www.jdsports.es/product/gris-reebok-tennic-graphic-t-shirt/19609307_jdsportses/,azul,30.00,€,20231215
Reebok Tennic Graphic T-Shirt,https://www.jdsports.es/product/azul-reebok-tennic-graphic-t-shirt/19609306_jdsportses/,gris,30.00,€,20231215
Puma Olympique Marseille Woven Track Pants,https://www.jdsports.es/product/azul-puma-olympique-marseille-woven-track-pants/19609305_jdsportses/,None,70.00,€,20231215
Puma Olympique Marseille Woven Jacket,https://www.jdsports.es/product/azul-puma-olympique-marseille-woven-jacket/19609304_jdsportses/,None,85.00,€,20231215
BOSS pack de 3 camisetas,https://www.jdsports.es/product/multicolor-boss-pack-de-3-camisetas/19609294_jdsportses/,"verde/blanco, multicolor, multicolornegro/verde",54.00,€,20231215
MERCIER pantalón de chándal Team,https://www.jdsports.es/product/gris-mercier-pantaln-de-chndal-team/19609291_jdsportses/,gris,71.00,€,20231215
MERCIER sudadera con capucha Team,https://www.jdsports.es/product/gris-mercier-sudadera-con-capucha-team/19609290_jdsportses/,grisgris,83.00,€,20231215
MERCIER Caruso T-Shirt,https://www.jdsports.es/product/negro-mercier-caruso-t-shirt/19609169_jdsportses/,None,45.00,€,20231215
MERCIER Caruso Joggers,https://www.jdsports.es/product/gris-mercier-caruso-joggers/19609168_jdsportses/,negro,65.00,€,20231215
Nicce OG T-Shirt,https://www.jdsports.es/product/negro-nicce-og-t-shirt/19609164_jdsportses/,None,35.00,€,20231215
MERCIER Empire Puffer Jacket,https://www.jdsports.es/product/azul-mercier-empire-puffer-jacket/19609159_jdsportses/,None,190.00,€,20231215
MERCIER Team Gilet,https://www.jdsports.es/product/negro-mercier-team-gilet/19609158_jdsportses/,None,107.00,€,20231215
MERCIER Team Puffer Jacket,https://www.jdsports.es/product/negro-mercier-team-puffer-jacket/19609157_jdsportses/,None,190.00,€,20231215
Nike NBA Phoenix Suns 2023/24 Booker #1 Jersey,https://www.jdsports.es/product/morado-nike-nba-phoenix-suns-202324-booker-1-jersey/19609156_jdsportses/,None,105.00,€,20231215
On Running Active Track Pants,https://www.jdsports.es/product/on-running-active-track-pants/19609095_jdsportses/,negro,150.00,€,20231215
Nike Air Max Crew Sweatshirt,https://www.jdsports.es/product/gris-nike-air-max-crew-sweatshirt/19607948_jdsportses/,None,80.00,€,20231215
Supply & Demand Sleeper Jeans,https://www.jdsports.es/product/azul-supply-and-demand-sleeper-jeans/19608837_jdsportses/,None,55.00,€,20231215
adidas Originals Globe Hoodie,https://www.jdsports.es/product/gris-adidas-originals-globe-hoodie/19608834_jdsportses/,negro,77.00,€,20231215
Puma AC Milan Icons T-Shirt,https://www.jdsports.es/product/rojo-puma-ac-milan-icons-t-shirt/19608833_jdsportses/,None,28.00,€,20231215
Puma AC Milan Icons T-Shirt,https://www.jdsports.es/product/blanco-puma-ac-milan-icons-t-shirt/19608832_jdsportses/,None,28.00,€,20231215
Champion Rochester Chino Pants,https://www.jdsports.es/product/negro-champion-rochester-chino-pants/19608829_jdsportses/,None,60.00,€,20231215
Puma Sudadera con capucha,https://www.jdsports.es/product/azul-puma-sudadera-con-capucha/19608824_jdsportses/,"marrón, negro, azul, negro, verdegris",55.00,€,20231215
Puma Sudadera con capucha,https://www.jdsports.es/product/gris-puma-sudadera-con-capucha/19608823_jdsportses/,"marrón, negro, azul, negro, verdeazul",55.00,€,20231215
Score Draw AC Milan '96 Hidden Retro Shirt,https://www.jdsports.es/product/azul-score-draw-ac-milan-96-hidden-retro-shirt/19608820_jdsportses/,None,45.00,€,20231215
adidas camiseta Badge Of Sport Fade,https://www.jdsports.es/product/blanco-adidas-camiseta-badge-of-sport-fade/19608817_jdsportses/,"negro, blanconegro",25.00,€,20231215
Hoodrich Akira Fumez Joggers,https://www.jdsports.es/product/negro-hoodrich-akira-fumez-joggers/19607645_jdsportses/,None,70.00,€,20231215
Hoodrich Akira Fumez Hoodie,https://www.jdsports.es/product/negro-hoodrich-akira-fumez-hoodie/19607644_jdsportses/,None,80.00,€,20231215
Hoodrich Akira Fumez T-Shirt,https://www.jdsports.es/product/blanco-hoodrich-akira-fumez-t-shirt/19607643_jdsportses/,negro,55.00,€,20231215
Hoodrich Akira Fumez T-Shirt,https://www.jdsports.es/product/negro-hoodrich-akira-fumez-t-shirt/19607642_jdsportses/,blanco,55.00,€,20231215
adidas Juventus Pre-Match Shirt,https://www.jdsports.es/product/azul-adidas-juventus-pre-match-shirt/19608771_jdsportses/,None,70.00,€,20231215
MERCIER Angelo Hoodie,https://www.jdsports.es/product/negro-mercier-angelo-hoodie/19608729_jdsportses/,None,77.00,€,20231215
Alessandro Zavetti Pharoah Hoodie,https://www.jdsports.es/product/negro-alessandro-zavetti-pharoah-hoodie/19608727_jdsportses/,None,70.00,€,20231215
McKenzie Garth 2 Poly Fleece Full Zip Hoodie,https://www.jdsports.es/product/negro-mckenzie-garth-2-poly-fleece-full-zip-hoodie/19608726_jdsportses/,azulrojo,45.00,€,20231215
Under Armour Camiseta,https://www.jdsports.es/product/rosa-under-armour-camiseta/19608717_jdsportses/,"azul, amarillorosa",45.00,€,20231215
Puma Pantalones de chandal,https://www.jdsports.es/product/gris-puma-pantalones-de-chandal/19608715_jdsportses/,"marrón, negro, negro, azul, verdeazul",45.00,€,20231215
Tommy Hilfiger Logo Hoodie,https://www.jdsports.es/product/blanco-tommy-hilfiger-logo-hoodie/16014763_jdsportses/,gris/gris,120.00,€,20231215
Technicals Spark Reflective 1/2 Zip Top,https://www.jdsports.es/product/negro-technicals-spark-reflective-12-zip-top/19608563_jdsportses/,None,50.00,€,20231215
Technicals Spark Reflective Shorts,https://www.jdsports.es/product/negro-technicals-spark-reflective-shorts/19603678_jdsportses/,None,40.00,€,20231215
Technicals Spark Reflective T-Shirt,https://www.jdsports.es/product/negro-technicals-spark-reflective-t-shirt/19603677_jdsportses/,None,40.00,€,20231215
The North Face Fine Box Track Pants,https://www.jdsports.es/product/azul-the-north-face-fine-box-track-pants/19608475_jdsportses/,None,85.00,€,20231215
Alessandro Zavetti Pharaoh T-Shirt,https://www.jdsports.es/product/negro-alessandro-zavetti-pharaoh-t-shirt/19608474_jdsportses/,None,40.00,€,20231215
Nike NBA Miami Heat Bulter #22 City Edition Hoodie,https://www.jdsports.es/product/negro-nike-nba-miami-heat-bulter-22-city-edition-hoodie/19608471_jdsportses/,None,75.00,€,20231215
The North Face Run Lightbright camiseta,https://www.jdsports.es/product/verde-the-north-face-run-lightbright-camiseta/19608469_jdsportses/,negro,40.00,€,20231215
adidas Originals Handball Spezial,https://www.jdsports.es/product/blanco-adidas-originals-handball-spezial/19608465_jdsportses/,"azul/blanco, azul, azul/azul, negro/blanco, negro, gris, gris, negro, azul, blanco/blanco/blanco, gris, verde/verde, negro/rosablanco",110.00,€,20231215
adidas Originals Samba OG para mujer,https://www.jdsports.es/product/blanco-crudo-adidas-originals-samba-og-para-mujer/19605130_jdsportses/,"blanco/blanco/rosa, blanco/negro/negro, negro/blanco/blancomorado",120.00,€,20231215
adidas Originals Gazelle Celtic,https://www.jdsports.es/product/blanco-adidas-originals-gazelle-celtic/19606373_jdsportses/,None,120.00,€,20231215
adidas Originals Zapatilla Handball Spezial,https://www.jdsports.es/product/adidas-originals-zapatilla-handball-spezial/19584921_jdsportses/,negro/blanco/blancoblanco,110.00,€,20231215
Nike Air Force 1 Low,https://www.jdsports.es/product/gris-nike-air-force-1-low/19596032_jdsportses/,None,130.00,€,20231215
Nike Air Force 1 Low,https://www.jdsports.es/product/negro-nike-air-force-1-low/19593811_jdsportses/,negro/negro/negroblanco/blanco/negro,120.00,€,20231215
Nike Dunk Low,https://www.jdsports.es/product/blanco-nike-dunk-low/19607230_jdsportses/,None,120.00,€,20231215
Nike Air Force 1 LV8,https://www.jdsports.es/product/blanco-nike-air-force-1-lv8/19596594_jdsportses/,blancoblanco/plateado/azul/blanco,130.00,€,20231215
Nike Nike Air Force 1 '07 LV8 Zapatillas - Hombre,https://www.jdsports.es/product/negro-nike-nike-air-force1-07-lv8-zapatillas---hombre/19598359_jdsportses/,None,130.00,€,20231215
Nike Air Force 1 LV8,https://www.jdsports.es/product/blanco-nike-air-force-1-lv8/19596592_jdsportses/,blancogris/blanco,130.00,€,20231215
adidas Originals Samba OG para mujer,https://www.jdsports.es/product/adidas-originals-samba-og-para-mujer/16050677_jdsportses/,"blanco/blanco/rosa, blanco/negro/negro, moradoblanco/azul/blanco/azul",120.00,€,20231215
Nike Air Flight 89,https://www.jdsports.es/product/gris-nike-air-flight-89/19606272_jdsportses/,None,130.00,€,20231215
adidas Originals Samba OG,https://www.jdsports.es/product/blanco-crudo-adidas-originals-samba-og/19602635_jdsportses/,negroblanco/negro,120.00,€,20231215
adidas Originals Gazelle Bold,https://www.jdsports.es/product/verde-adidas-originals-gazelle-bold/19602738_jdsportses/,negro/blanco/blanco,120.00,€,20231215
Nike Air Force 1 '07 LV8,https://www.jdsports.es/product/blanco-nike-air-force-1-07-lv8/19596041_jdsportses/,None,130.00,€,20231215
adidas Originals Gazelle,https://www.jdsports.es/product/adidas-originals-gazelle/19602713_jdsportses/,None,110.00,€,20231215
Nike Air Force 1 Low,https://www.jdsports.es/product/blanco-nike-air-force-1-low/19575420_jdsportses/,negro/negro/negronegro,120.00,€,20231215
adidas Originals Samba OG para mujer,https://www.jdsports.es/product/adidas-originals-samba-og-para-mujer/16042449_jdsportses/,"blanco/blanco/rosa, negro/blanco/blanco, moradoblanco/azul/blanco/azul",120.00,€,20231215
Nike Air Max 90 júnior,https://www.jdsports.es/product/negro-nike-air-max-90-jnior/19595250_jdsportses/,blanco/rojo/blanco,160.00,€,20231215
Nike Dunk Low,https://www.jdsports.es/product/gris-nike-dunk-low/19596593_jdsportses/,"negro/negro, blanco/rojo/rojo, blancoblanco/negro/blanco/azul/negro",130.00,€,20231215
Nike Air Max 1,https://www.jdsports.es/product/blanco-nike-air-max-1/19600238_jdsportses/,None,150.00,€,20231215
Nike Air Max Pulse,https://www.jdsports.es/product/negro-nike-air-max-pulse/19575122_jdsportses/,"blanco/blanco, blanco/blanco/blanco, negro/gris/blanco/grisnegro/dorado/dorado",160.00,€,20231215
Jordan Max Aura 5,https://www.jdsports.es/product/blanco-jordan-max-aura-5/19596342_jdsportses/,None,130.00,€,20231215
New Balance 327,https://www.jdsports.es/product/verde-new-balance-327/19596280_jdsportses/,"negro, negronegro/verde",120.00,€,20231215
